lambda,mean_physics_reward,max_physics_reward,pose_conf>0.6,mean_quickvina,best_quickvina,drug_like_pct,molecules
0.4,0.397593978326259,0.6642686262468238,0.04296875,-10.18679078264252,-14.93699210855724,0.59765625,256
