{
  "config": {
    "checkpoint_path": "checkpoints/graph_dit_10k.pt",
    "lr": 0.0003,
    "batch_size": 64,
    "n_steps": 2048,
    "n_epochs": 4,
    "n_iterations": 20,
    "use_uncertainty": true,
    "uncertainty_bonus": 0.05,
    "lambda_qed": 0.3,
    "lambda_docking": 0.5,
    "lambda_sa": 0.2,
    "eval_frequency": 10,
    "save_frequency": 20
  },
  "metrics": {
    "rewards": [
      0.5145576000213623,
      0.5141200423240662
    ],
    "pareto_coverage": [
      0.01,
      0.01
    ],
    "valid_molecules": [],
    "unique_molecules": [],
    "best_molecules": [
      {
        "smiles": "CCO",
        "valid": true,
        "qed": 0.4068079656553945,
        "sa_score": 1.0,
        "docking_score": -12.543302133464401,
        "uncertainty": 0.055318532714945474
      },
      {
        "smiles": "CCO",
        "valid": true,
        "qed": 0.4068079656553945,
        "sa_score": 1.0,
        "docking_score": -13.295058240497758,
        "uncertainty": 0.069147479709626
      }
    ]
  },
  "final_evaluation": {
    "validity_rate": 1.0,
    "pareto_percentage": 0.001,
    "n_pareto": 1,
    "mean_qed": 0.4068079656553945,
    "mean_docking": -8.437000935361565,
    "mean_sa": 1.0
  },
  "run_name": "RL_with_uncertainty_20250801_142315"
}